[
			{
				"paymentId":"2100",
				"accountId": "001",
				"payeeName": "Manna",
				"payeeAccount": "897600087678",
				"bankName": "HDFC",
				"ifsc": "HDFC087612",
				"amount": "450",
				"currency": "INR",
				"reason": "utility bill",
				"executionDate": "12.09.2018"
			},
			{
				"paymentId":"2200",
				"accountId": "001",
				"payeeName": "Manna",
				"payeeAccount": "897600087678",
				"bankName": "HDFC",
				"ifsc": "HDFC087612",
				"amount": "450",
				"currency": "INR",
				"reason": "utility bill",
				"executionDate": "12.09.2018"
			},
			{
				"paymentId":"2300",
				"accountId": "001",
				"payeeName": "Sonu",
				"payeeAccount": "897340087678",
				"bankName": "HDFC",
				"ifsc": "HDFC082312",
				"amount": "2940",
				"currency": "INR",
				"reason": "utility bill",
				"executionDate": "12.09.2018"
			},
			{
				"paymentId":"2400",
				"accountId": "002",
				"payeeName": "Manna",
				"payeeAccount": "897600087678",
				"bankName": "HDFC",
				"ifsc": "HDFC087612",
				"amount": "1450",
				"reason": "utility bill",
				"executionDate": "12.09.2018"
			}
		]